{
  "00": {
    "n_keyframes": 3506,
    "n_queries": 632,
    "descriptor_dim": 408,
    "graph_policy": {
      "temporal_edge_mode": "bidirectional",
      "temporal_direction_mode": "none",
      "similarity_min_k": 0
    },
    "raw": {
      "R@1": 0.9224683544303798,
      "R@5": 0.939873417721519,
      "R@10": 0.9414556962025317
    },
    "raw_phase_sketch": {
      "_aux_dim": {
        "D": 224
      },
      "phase_sketch_fusion_bev0.5_range0": {
        "R@1": 0.9604430379746836,
        "R@5": 0.9762658227848101,
        "R@10": 0.9889240506329114
      },
      "phase_sketch_fusion_bev0.5_range0.25": {
        "R@1": 0.9620253164556962,
        "R@5": 0.9762658227848101,
        "R@10": 0.9857594936708861
      },
      "phase_sketch_fusion_bev0.5_range0.5": {
        "R@1": 0.9636075949367089,
        "R@5": 0.9762658227848101,
        "R@10": 0.9825949367088608
      },
      "phase_sketch_fusion_bev0.5_range1": {
        "R@1": 0.9604430379746836,
        "R@5": 0.9715189873417721,
        "R@10": 0.9794303797468354
      },
      "phase_sketch_fusion_bev1_range0": {
        "R@1": 0.9651898734177216,
        "R@5": 0.9841772151898734,
        "R@10": 0.9857594936708861
      },
      "phase_sketch_fusion_bev1_range0.25": {
        "R@1": 0.9667721518987342,
        "R@5": 0.9841772151898734,
        "R@10": 0.9857594936708861
      },
      "phase_sketch_fusion_bev1_range0.5": {
        "R@1": 0.9699367088607594,
        "R@5": 0.9841772151898734,
        "R@10": 0.9857594936708861
      },
      "phase_sketch_fusion_bev1_range1": {
        "R@1": 0.9651898734177216,
        "R@5": 0.9810126582278481,
        "R@10": 0.9857594936708861
      },
      "phase_sketch_fusion_bev2_range0": {
        "R@1": 0.9651898734177216,
        "R@5": 0.9841772151898734,
        "R@10": 0.9873417721518988
      },
      "phase_sketch_fusion_bev2_range0.25": {
        "R@1": 0.9699367088607594,
        "R@5": 0.9841772151898734,
        "R@10": 0.9873417721518988
      },
      "phase_sketch_fusion_bev2_range0.5": {
        "R@1": 0.9715189873417721,
        "R@5": 0.9841772151898734,
        "R@10": 0.9889240506329114
      },
      "phase_sketch_fusion_bev2_range1": {
        "R@1": 0.9731012658227848,
        "R@5": 0.9825949367088608,
        "R@10": 0.9857594936708861
      },
      "phase_sketch_fusion_bev4_range0": {
        "R@1": 0.9604430379746836,
        "R@5": 0.9841772151898734,
        "R@10": 0.9873417721518988
      },
      "phase_sketch_fusion_bev4_range0.25": {
        "R@1": 0.9636075949367089,
        "R@5": 0.9841772151898734,
        "R@10": 0.9873417721518988
      },
      "phase_sketch_fusion_bev4_range0.5": {
        "R@1": 0.9651898734177216,
        "R@5": 0.9825949367088608,
        "R@10": 0.9873417721518988
      },
      "phase_sketch_fusion_bev4_range1": {
        "R@1": 0.9699367088607594,
        "R@5": 0.9841772151898734,
        "R@10": 0.9873417721518988
      }
    }
  },
  "05": {
    "n_keyframes": 2081,
    "n_queries": 377,
    "descriptor_dim": 408,
    "graph_policy": {
      "temporal_edge_mode": "bidirectional",
      "temporal_direction_mode": "none",
      "similarity_min_k": 0
    },
    "raw": {
      "R@1": 0.7904509283819628,
      "R@5": 0.8673740053050398,
      "R@10": 0.8779840848806366
    },
    "raw_phase_sketch": {
      "_aux_dim": {
        "D": 224
      },
      "phase_sketch_fusion_bev0.5_range0": {
        "R@1": 0.9283819628647215,
        "R@5": 0.946949602122016,
        "R@10": 0.9575596816976127
      },
      "phase_sketch_fusion_bev0.5_range0.25": {
        "R@1": 0.9283819628647215,
        "R@5": 0.946949602122016,
        "R@10": 0.9549071618037135
      },
      "phase_sketch_fusion_bev0.5_range0.5": {
        "R@1": 0.9230769230769231,
        "R@5": 0.946949602122016,
        "R@10": 0.9496021220159151
      },
      "phase_sketch_fusion_bev0.5_range1": {
        "R@1": 0.9230769230769231,
        "R@5": 0.9442970822281167,
        "R@10": 0.9496021220159151
      },
      "phase_sketch_fusion_bev1_range0": {
        "R@1": 0.9310344827586207,
        "R@5": 0.9549071618037135,
        "R@10": 0.9628647214854111
      },
      "phase_sketch_fusion_bev1_range0.25": {
        "R@1": 0.9389920424403183,
        "R@5": 0.9496021220159151,
        "R@10": 0.9628647214854111
      },
      "phase_sketch_fusion_bev1_range0.5": {
        "R@1": 0.9363395225464191,
        "R@5": 0.9522546419098143,
        "R@10": 0.9575596816976127
      },
      "phase_sketch_fusion_bev1_range1": {
        "R@1": 0.9310344827586207,
        "R@5": 0.9522546419098143,
        "R@10": 0.9549071618037135
      },
      "phase_sketch_fusion_bev2_range0": {
        "R@1": 0.9416445623342176,
        "R@5": 0.9602122015915119,
        "R@10": 0.9681697612732095
      },
      "phase_sketch_fusion_bev2_range0.25": {
        "R@1": 0.9416445623342176,
        "R@5": 0.9602122015915119,
        "R@10": 0.9602122015915119
      },
      "phase_sketch_fusion_bev2_range0.5": {
        "R@1": 0.9416445623342176,
        "R@5": 0.9549071618037135,
        "R@10": 0.9628647214854111
      },
      "phase_sketch_fusion_bev2_range1": {
        "R@1": 0.9389920424403183,
        "R@5": 0.9522546419098143,
        "R@10": 0.9602122015915119
      },
      "phase_sketch_fusion_bev4_range0": {
        "R@1": 0.9416445623342176,
        "R@5": 0.9628647214854111,
        "R@10": 0.9655172413793104
      },
      "phase_sketch_fusion_bev4_range0.25": {
        "R@1": 0.9416445623342176,
        "R@5": 0.9628647214854111,
        "R@10": 0.9655172413793104
      },
      "phase_sketch_fusion_bev4_range0.5": {
        "R@1": 0.9389920424403183,
        "R@5": 0.9602122015915119,
        "R@10": 0.9655172413793104
      },
      "phase_sketch_fusion_bev4_range1": {
        "R@1": 0.9416445623342176,
        "R@5": 0.9602122015915119,
        "R@10": 0.9602122015915119
      }
    }
  },
  "08": {
    "n_keyframes": 3087,
    "n_queries": 235,
    "descriptor_dim": 408,
    "graph_policy": {
      "temporal_edge_mode": "bidirectional",
      "temporal_direction_mode": "none",
      "similarity_min_k": 0
    },
    "raw": {
      "R@1": 0.35319148936170214,
      "R@5": 0.5319148936170213,
      "R@10": 0.6425531914893617
    },
    "raw_phase_sketch": {
      "_aux_dim": {
        "D": 224
      },
      "phase_sketch_fusion_bev0.5_range0": {
        "R@1": 0.7319148936170212,
        "R@5": 0.8680851063829788,
        "R@10": 0.8978723404255319
      },
      "phase_sketch_fusion_bev0.5_range0.25": {
        "R@1": 0.7063829787234043,
        "R@5": 0.825531914893617,
        "R@10": 0.8680851063829788
      },
      "phase_sketch_fusion_bev0.5_range0.5": {
        "R@1": 0.6680851063829787,
        "R@5": 0.8042553191489362,
        "R@10": 0.8553191489361702
      },
      "phase_sketch_fusion_bev0.5_range1": {
        "R@1": 0.5957446808510638,
        "R@5": 0.7531914893617021,
        "R@10": 0.8042553191489362
      },
      "phase_sketch_fusion_bev1_range0": {
        "R@1": 0.7787234042553192,
        "R@5": 0.8723404255319149,
        "R@10": 0.9106382978723404
      },
      "phase_sketch_fusion_bev1_range0.25": {
        "R@1": 0.7617021276595745,
        "R@5": 0.8553191489361702,
        "R@10": 0.9063829787234042
      },
      "phase_sketch_fusion_bev1_range0.5": {
        "R@1": 0.7191489361702128,
        "R@5": 0.825531914893617,
        "R@10": 0.8595744680851064
      },
      "phase_sketch_fusion_bev1_range1": {
        "R@1": 0.6595744680851063,
        "R@5": 0.8,
        "R@10": 0.8212765957446808
      },
      "phase_sketch_fusion_bev2_range0": {
        "R@1": 0.7617021276595745,
        "R@5": 0.8808510638297873,
        "R@10": 0.9106382978723404
      },
      "phase_sketch_fusion_bev2_range0.25": {
        "R@1": 0.7659574468085106,
        "R@5": 0.8680851063829788,
        "R@10": 0.8978723404255319
      },