{
  "00": {
    "n_keyframes": 3506,
    "n_queries": 632,
    "descriptor_dim": 272,
    "graph_policy": {
      "temporal_edge_mode": "bidirectional",
      "temporal_direction_mode": "none",
      "similarity_min_k": 0
    },
    "raw": {
      "R@1": 0.9113924050632911,
      "R@5": 0.9319620253164557,
      "R@10": 0.944620253164557
    },
    "raw_phase_sketch": {
      "_aux_dim": {
        "D": 256
      },
      "phase_sketch_fusion_bev0.5_range0": {
        "R@1": 0.9636075949367089,
        "R@5": 0.9746835443037974,
        "R@10": 0.9794303797468354
      },
      "phase_sketch_fusion_bev0.5_range0.25": {
        "R@1": 0.9636075949367089,
        "R@5": 0.9810126582278481,
        "R@10": 0.9857594936708861
      },
      "phase_sketch_fusion_bev0.5_range0.5": {
        "R@1": 0.9667721518987342,
        "R@5": 0.9778481012658228,
        "R@10": 0.9857594936708861
      },
      "phase_sketch_fusion_bev0.5_range1": {
        "R@1": 0.9620253164556962,
        "R@5": 0.9731012658227848,
        "R@10": 0.9810126582278481
      },
      "phase_sketch_fusion_bev1_range0": {
        "R@1": 0.9667721518987342,
        "R@5": 0.9825949367088608,
        "R@10": 0.9857594936708861
      },
      "phase_sketch_fusion_bev1_range0.25": {
        "R@1": 0.9699367088607594,
        "R@5": 0.9841772151898734,
        "R@10": 0.9873417721518988
      },
      "phase_sketch_fusion_bev1_range0.5": {
        "R@1": 0.9715189873417721,
        "R@5": 0.9857594936708861,
        "R@10": 0.9857594936708861
      },
      "phase_sketch_fusion_bev1_range1": {
        "R@1": 0.9699367088607594,
        "R@5": 0.9825949367088608,
        "R@10": 0.9873417721518988
      },
      "phase_sketch_fusion_bev2_range0": {
        "R@1": 0.9604430379746836,
        "R@5": 0.9841772151898734,
        "R@10": 0.9873417721518988
      },
      "phase_sketch_fusion_bev2_range0.25": {
        "R@1": 0.9715189873417721,
        "R@5": 0.9857594936708861,
        "R@10": 0.9873417721518988
      },
      "phase_sketch_fusion_bev2_range0.5": {
        "R@1": 0.9746835443037974,
        "R@5": 0.9857594936708861,
        "R@10": 0.9857594936708861
      },
      "phase_sketch_fusion_bev2_range1": {
        "R@1": 0.9762658227848101,
        "R@5": 0.9841772151898734,
        "R@10": 0.9873417721518988
      },
      "phase_sketch_fusion_bev4_range0": {
        "R@1": 0.9572784810126582,
        "R@5": 0.9841772151898734,
        "R@10": 0.9873417721518988
      },
      "phase_sketch_fusion_bev4_range0.25": {
        "R@1": 0.9651898734177216,
        "R@5": 0.9825949367088608,
        "R@10": 0.9873417721518988
      },
      "phase_sketch_fusion_bev4_range0.5": {
        "R@1": 0.9651898734177216,
        "R@5": 0.9841772151898734,
        "R@10": 0.9873417721518988
      },
      "phase_sketch_fusion_bev4_range1": {
        "R@1": 0.9731012658227848,
        "R@5": 0.9841772151898734,
        "R@10": 0.9873417721518988
      }
    }
  },
  "05": {
    "n_keyframes": 2081,
    "n_queries": 377,
    "descriptor_dim": 272,
    "graph_policy": {
      "temporal_edge_mode": "bidirectional",
      "temporal_direction_mode": "none",
      "similarity_min_k": 0
    },
    "raw": {
      "R@1": 0.8037135278514589,
      "R@5": 0.8594164456233422,
      "R@10": 0.8885941644562334
    },
    "raw_phase_sketch": {
      "_aux_dim": {
        "D": 256
      },
      "phase_sketch_fusion_bev0.5_range0": {
        "R@1": 0.9310344827586207,
        "R@5": 0.9442970822281167,
        "R@10": 0.9602122015915119
      },
      "phase_sketch_fusion_bev0.5_range0.25": {
        "R@1": 0.9310344827586207,
        "R@5": 0.946949602122016,
        "R@10": 0.9549071618037135
      },
      "phase_sketch_fusion_bev0.5_range0.5": {
        "R@1": 0.9336870026525199,
        "R@5": 0.9522546419098143,
        "R@10": 0.9522546419098143
      },
      "phase_sketch_fusion_bev0.5_range1": {
        "R@1": 0.9283819628647215,
        "R@5": 0.9496021220159151,
        "R@10": 0.9549071618037135
      },
      "phase_sketch_fusion_bev1_range0": {
        "R@1": 0.9336870026525199,
        "R@5": 0.9602122015915119,
        "R@10": 0.9681697612732095
      },
      "phase_sketch_fusion_bev1_range0.25": {
        "R@1": 0.9363395225464191,
        "R@5": 0.9496021220159151,
        "R@10": 0.9681697612732095
      },
      "phase_sketch_fusion_bev1_range0.5": {
        "R@1": 0.9363395225464191,
        "R@5": 0.9496021220159151,
        "R@10": 0.9575596816976127
      },
      "phase_sketch_fusion_bev1_range1": {
        "R@1": 0.9336870026525199,
        "R@5": 0.9496021220159151,
        "R@10": 0.9575596816976127
      },
      "phase_sketch_fusion_bev2_range0": {
        "R@1": 0.9389920424403183,
        "R@5": 0.9602122015915119,
        "R@10": 0.9681697612732095
      },
      "phase_sketch_fusion_bev2_range0.25": {
        "R@1": 0.9416445623342176,
        "R@5": 0.9575596816976127,
        "R@10": 0.9655172413793104
      },
      "phase_sketch_fusion_bev2_range0.5": {
        "R@1": 0.9416445623342176,
        "R@5": 0.9549071618037135,
        "R@10": 0.9655172413793104
      },
      "phase_sketch_fusion_bev2_range1": {
        "R@1": 0.9416445623342176,
        "R@5": 0.9522546419098143,
        "R@10": 0.9655172413793104
      },
      "phase_sketch_fusion_bev4_range0": {
        "R@1": 0.9389920424403183,
        "R@5": 0.9628647214854111,
        "R@10": 0.9655172413793104
      },
      "phase_sketch_fusion_bev4_range0.25": {
        "R@1": 0.9416445623342176,
        "R@5": 0.9628647214854111,
        "R@10": 0.9655172413793104
      },
      "phase_sketch_fusion_bev4_range0.5": {
        "R@1": 0.9416445623342176,
        "R@5": 0.9628647214854111,
        "R@10": 0.9655172413793104
      },
      "phase_sketch_fusion_bev4_range1": {
        "R@1": 0.9416445623342176,
        "R@5": 0.9602122015915119,
        "R@10": 0.9628647214854111
      }
    }
  },
  "08": {
    "n_keyframes": 3087,
    "n_queries": 235,
    "descriptor_dim": 272,
    "graph_policy": {
      "temporal_edge_mode": "bidirectional",
      "temporal_direction_mode": "none",
      "similarity_min_k": 0
    },
    "raw": {
      "R@1": 0.3191489361702128,
      "R@5": 0.4808510638297872,
      "R@10": 0.5446808510638298
    },
    "raw_phase_sketch": {
      "_aux_dim": {
        "D": 256
      },
      "phase_sketch_fusion_bev0.5_range0": {
        "R@1": 0.7191489361702128,
        "R@5": 0.8468085106382979,
        "R@10": 0.8936170212765957
      },
      "phase_sketch_fusion_bev0.5_range0.25": {
        "R@1": 0.6851063829787234,
        "R@5": 0.8127659574468085,
        "R@10": 0.8595744680851064
      },
      "phase_sketch_fusion_bev0.5_range0.5": {
        "R@1": 0.6468085106382979,
        "R@5": 0.7957446808510639,
        "R@10": 0.8382978723404255
      },
      "phase_sketch_fusion_bev0.5_range1": {
        "R@1": 0.5787234042553191,
        "R@5": 0.7319148936170212,
        "R@10": 0.7872340425531915
      },
      "phase_sketch_fusion_bev1_range0": {
        "R@1": 0.7617021276595745,
        "R@5": 0.8638297872340426,
        "R@10": 0.902127659574468
      },
      "phase_sketch_fusion_bev1_range0.25": {
        "R@1": 0.7319148936170212,
        "R@5": 0.8468085106382979,
        "R@10": 0.8893617021276595
      },
      "phase_sketch_fusion_bev1_range0.5": {
        "R@1": 0.7148936170212766,
        "R@5": 0.825531914893617,
        "R@10": 0.8553191489361702
      },
      "phase_sketch_fusion_bev1_range1": {
        "R@1": 0.6510638297872341,
        "R@5": 0.7914893617021277,
        "R@10": 0.8212765957446808
      },
      "phase_sketch_fusion_bev2_range0": {
        "R@1": 0.7659574468085106,
        "R@5": 0.8638297872340426,
        "R@10": 0.9063829787234042
      },
      "phase_sketch_fusion_bev2_range0.25": {
        "R@1": 0.7617021276595745,
        "R@5": 0.8638297872340426,
        "R@10": 0.8936170212765957
      },