{
  "00": {
    "n_keyframes": 3506,
    "n_queries": 632,
    "descriptor_dim": 408,
    "graph_policy": {
      "temporal_edge_mode": "bidirectional",
      "temporal_direction_mode": "none",
      "similarity_min_k": 0
    },
    "raw": {
      "R@1": 0.9208860759493671,
      "R@5": 0.9430379746835443,
      "R@10": 0.9477848101265823
    },
    "raw_phase_sketch": {
      "_aux_dim": {
        "D": 256
      },
      "phase_sketch_fusion_bev0.5_range0": {
        "R@1": 0.9683544303797469,
        "R@5": 0.9857594936708861,
        "R@10": 0.9873417721518988
      },
      "phase_sketch_fusion_bev0.5_range0.25": {
        "R@1": 0.9699367088607594,
        "R@5": 0.9857594936708861,
        "R@10": 0.9889240506329114
      },
      "phase_sketch_fusion_bev0.5_range0.5": {
        "R@1": 0.9699367088607594,
        "R@5": 0.9825949367088608,
        "R@10": 0.9873417721518988
      },
      "phase_sketch_fusion_bev0.5_range1": {
        "R@1": 0.9636075949367089,
        "R@5": 0.9794303797468354,
        "R@10": 0.9873417721518988
      },
      "phase_sketch_fusion_bev1_range0": {
        "R@1": 0.9715189873417721,
        "R@5": 0.9857594936708861,
        "R@10": 0.990506329113924
      },
      "phase_sketch_fusion_bev1_range0.25": {
        "R@1": 0.9731012658227848,
        "R@5": 0.9873417721518988,
        "R@10": 0.990506329113924
      },
      "phase_sketch_fusion_bev1_range0.5": {
        "R@1": 0.9762658227848101,
        "R@5": 0.9857594936708861,
        "R@10": 0.9889240506329114
      },
      "phase_sketch_fusion_bev1_range1": {
        "R@1": 0.9746835443037974,
        "R@5": 0.9825949367088608,
        "R@10": 0.9873417721518988
      },
      "phase_sketch_fusion_bev2_range0": {
        "R@1": 0.9731012658227848,
        "R@5": 0.9873417721518988,
        "R@10": 0.9873417721518988
      },
      "phase_sketch_fusion_bev2_range0.25": {
        "R@1": 0.9731012658227848,
        "R@5": 0.9857594936708861,
        "R@10": 0.990506329113924
      },
      "phase_sketch_fusion_bev2_range0.5": {
        "R@1": 0.9715189873417721,
        "R@5": 0.9857594936708861,
        "R@10": 0.9889240506329114
      },
      "phase_sketch_fusion_bev2_range1": {
        "R@1": 0.9762658227848101,
        "R@5": 0.9857594936708861,
        "R@10": 0.9889240506329114
      },
      "phase_sketch_fusion_bev4_range0": {
        "R@1": 0.9651898734177216,
        "R@5": 0.9841772151898734,
        "R@10": 0.9873417721518988
      },
      "phase_sketch_fusion_bev4_range0.25": {
        "R@1": 0.9667721518987342,
        "R@5": 0.9857594936708861,
        "R@10": 0.9873417721518988
      },
      "phase_sketch_fusion_bev4_range0.5": {
        "R@1": 0.9699367088607594,
        "R@5": 0.9857594936708861,
        "R@10": 0.9873417721518988
      },
      "phase_sketch_fusion_bev4_range1": {
        "R@1": 0.9731012658227848,
        "R@5": 0.9841772151898734,
        "R@10": 0.9889240506329114
      }
    }
  },
  "05": {
    "n_keyframes": 2081,
    "n_queries": 377,
    "descriptor_dim": 408,
    "graph_policy": {
      "temporal_edge_mode": "bidirectional",
      "temporal_direction_mode": "none",
      "similarity_min_k": 0
    },
    "raw": {
      "R@1": 0.8222811671087533,
      "R@5": 0.8726790450928382,
      "R@10": 0.8912466843501327
    },
    "raw_phase_sketch": {
      "_aux_dim": {
        "D": 256
      },
      "phase_sketch_fusion_bev0.5_range0": {
        "R@1": 0.9363395225464191,
        "R@5": 0.9549071618037135,
        "R@10": 0.9681697612732095
      },
      "phase_sketch_fusion_bev0.5_range0.25": {
        "R@1": 0.9363395225464191,
        "R@5": 0.9575596816976127,
        "R@10": 0.9602122015915119
      },
      "phase_sketch_fusion_bev0.5_range0.5": {
        "R@1": 0.9283819628647215,
        "R@5": 0.9522546419098143,
        "R@10": 0.9602122015915119
      },
      "phase_sketch_fusion_bev0.5_range1": {
        "R@1": 0.9257294429708223,
        "R@5": 0.9496021220159151,
        "R@10": 0.9575596816976127
      },
      "phase_sketch_fusion_bev1_range0": {
        "R@1": 0.9389920424403183,
        "R@5": 0.9602122015915119,
        "R@10": 0.9655172413793104
      },
      "phase_sketch_fusion_bev1_range0.25": {
        "R@1": 0.9416445623342176,
        "R@5": 0.9602122015915119,
        "R@10": 0.9655172413793104
      },
      "phase_sketch_fusion_bev1_range0.5": {
        "R@1": 0.9389920424403183,
        "R@5": 0.9522546419098143,
        "R@10": 0.9655172413793104
      },
      "phase_sketch_fusion_bev1_range1": {
        "R@1": 0.9363395225464191,
        "R@5": 0.9549071618037135,
        "R@10": 0.9628647214854111
      },
      "phase_sketch_fusion_bev2_range0": {
        "R@1": 0.9416445623342176,
        "R@5": 0.9628647214854111,
        "R@10": 0.9708222811671088
      },
      "phase_sketch_fusion_bev2_range0.25": {
        "R@1": 0.9416445623342176,
        "R@5": 0.9602122015915119,
        "R@10": 0.9681697612732095
      },
      "phase_sketch_fusion_bev2_range0.5": {
        "R@1": 0.9416445623342176,
        "R@5": 0.9602122015915119,
        "R@10": 0.9655172413793104
      },
      "phase_sketch_fusion_bev2_range1": {
        "R@1": 0.9416445623342176,
        "R@5": 0.9575596816976127,
        "R@10": 0.9655172413793104
      },
      "phase_sketch_fusion_bev4_range0": {
        "R@1": 0.9416445623342176,
        "R@5": 0.9628647214854111,
        "R@10": 0.9655172413793104
      },
      "phase_sketch_fusion_bev4_range0.25": {
        "R@1": 0.9416445623342176,
        "R@5": 0.9628647214854111,
        "R@10": 0.9628647214854111
      },
      "phase_sketch_fusion_bev4_range0.5": {
        "R@1": 0.9389920424403183,
        "R@5": 0.9602122015915119,
        "R@10": 0.9655172413793104
      },
      "phase_sketch_fusion_bev4_range1": {
        "R@1": 0.9416445623342176,
        "R@5": 0.9602122015915119,
        "R@10": 0.9655172413793104
      }
    }
  },
  "08": {
    "n_keyframes": 3087,
    "n_queries": 235,
    "descriptor_dim": 408,
    "graph_policy": {
      "temporal_edge_mode": "bidirectional",
      "temporal_direction_mode": "none",
      "similarity_min_k": 0
    },
    "raw": {
      "R@1": 0.39574468085106385,
      "R@5": 0.5574468085106383,
      "R@10": 0.6510638297872341
    },
    "raw_phase_sketch": {
      "_aux_dim": {
        "D": 256
      },
      "phase_sketch_fusion_bev0.5_range0": {
        "R@1": 0.723404255319149,
        "R@5": 0.8595744680851064,
        "R@10": 0.902127659574468
      },
      "phase_sketch_fusion_bev0.5_range0.25": {
        "R@1": 0.6893617021276596,
        "R@5": 0.8212765957446808,
        "R@10": 0.8723404255319149
      },
      "phase_sketch_fusion_bev0.5_range0.5": {
        "R@1": 0.6468085106382979,
        "R@5": 0.8,
        "R@10": 0.8425531914893617
      },
      "phase_sketch_fusion_bev0.5_range1": {
        "R@1": 0.5957446808510638,
        "R@5": 0.7531914893617021,
        "R@10": 0.8
      },
      "phase_sketch_fusion_bev1_range0": {
        "R@1": 0.774468085106383,
        "R@5": 0.8595744680851064,
        "R@10": 0.902127659574468
      },
      "phase_sketch_fusion_bev1_range0.25": {
        "R@1": 0.7404255319148936,
        "R@5": 0.8425531914893617,
        "R@10": 0.8765957446808511
      },
      "phase_sketch_fusion_bev1_range0.5": {
        "R@1": 0.7106382978723405,
        "R@5": 0.8212765957446808,
        "R@10": 0.8638297872340426
      },
      "phase_sketch_fusion_bev1_range1": {
        "R@1": 0.6510638297872341,
        "R@5": 0.7957446808510639,
        "R@10": 0.8297872340425532
      },
      "phase_sketch_fusion_bev2_range0": {
        "R@1": 0.7787234042553192,
        "R@5": 0.8723404255319149,
        "R@10": 0.9148936170212766
      },
      "phase_sketch_fusion_bev2_range0.25": {
        "R@1": 0.7617021276595745,
        "R@5": 0.8680851063829788,
        "R@10": 0.8978723404255319
      },
      "phase_sketch_fusion_bev2_range0.5": {
        "R@1": 0.7404255319148936,